{
  "id": "1756576113939-7zwjgfb",
  "emotion": "sad",
  "transcript": "em5.opus",
  "features": {
    "pitch": 185,
    "volume": 0.030872691712568255,
    "spectralCentroid": 58.67973199186171,
    "mfccMeans": [
      93.18870520954663,
      9.21527717538373,
      -21.490389187762023,
      -14.876393645371211,
      -13.131564629367885,
      -5.467468666519796,
      -4.449106524741769,
      -4.772358330760331,
      -5.654416193072348,
      4.88917774758721,
      4.164999874096044,
      3.6403442851917536,
      2.5999404659978254
    ],
    "mfccVars": [
      5929.612795273486,
      330.7396957194996,
      820.9431426642604,
      303.56790809393215,
      516.6148537908217,
      152.58407852111625,
      126.05983025573359,
      92.24243923067539,
      76.45327056792425,
      70.9245269412302,
      73.8465658846881,
      79.98713187423351,
      56.42049873749246
    ],
    "pitchStats": {
      "mean": 269.0689329556185,
      "median": 185,
      "std": 201.25932600962693,
      "min": 80,
      "max": 1000,
      "count": 2118
    },
    "spectralRolloffMean": 18458.695815148894,
    "energyMean": 0.030872691712568255,
    "zcrMean": 0.04208908292607927
  },
  "file": "3f3cdb60d733d798bd7a99f188d2cf9b",
  "originalName": "1756576113770.wav",
  "timestamp": "2025-08-30T17:48:33.939Z"
}