{
  "id": "1756633575331-iloh3jh",
  "emotion": "happy",
  "transcript": "em6.opus",
  "features": {
    "pitch": 184,
    "volume": 0.03161578972571433,
    "spectralCentroid": 52.3439404094614,
    "mfccMeans": [
      84.17097628198042,
      19.465675573226008,
      -18.70647647262671,
      -24.36860357794039,
      -18.941944579207913,
      -0.7689972431563173,
      -2.115787099460456,
      -6.108333408742154,
      -5.044242755767176,
      3.021878936179337,
      7.368342660228805,
      5.887244699401958,
      1.2811582781892026
    ],
    "mfccVars": [
      3406.457776432291,
      427.1951357225972,
      571.5826326480403,
      354.1529525872081,
      435.0732979150845,
      241.60947613088203,
      122.50551701211187,
      118.52763731536119,
      101.06889414207959,
      94.46558248291439,
      74.07346646243234,
      84.25228209425477,
      71.02574524515057
    ],
    "pitchStats": {
      "mean": 269.61162483487453,
      "median": 184,
      "std": 181.90309386701026,
      "min": 81,
      "max": 993,
      "count": 1514
    },
    "spectralRolloffMean": 17633.39149649491,
    "energyMean": 0.03161578972571433,
    "zcrMean": 0.04360333939311534
  },
  "file": "edc88d8d2c3e7361e3b4132ad67bea50",
  "originalName": "1756633575221.wav",
  "timestamp": "2025-08-31T09:46:15.331Z"
}